design,n,rmse_log1p_fee,relative_improvement_vs_f0b,abs_ci_lo,abs_ci_hi,rel_ci_lo,rel_ci_hi,gate
F0a_naive_mv_DESCRIPTIVE_ONLY,925,0.8080905910425206,-0.024296312464297472,,,,,descriptive_only
F0b_calibrated_mv_BASELINE,925,0.7889226791204397,0.0,,,,,baseline
F1_minimal,925,0.7166966484747063,0.0915502020125183,0.052302958426751686,0.0915251687431827,0.06809625646250275,0.11512907452000473,PASS
F2_contract,925,0.7362019995895437,0.06682616804687835,0.033460492083396784,0.07197805539461032,0.04356818701708347,0.08971619669780205,PASS
F3_existing_histgbr_context_only,925,0.7673308123798254,0.027368799645469462,,,,,context_only_not_row_paired_with_F0-F2
