dimension,value,n,f0_rmse_log,f1_rmse_log,relative_improvement
pos_group,DEF,316,0.9103855726931482,0.8120830967259063,0.10797894750950264
pos_group,FWD,338,0.7069440106406008,0.6588438059381785,0.06803962404156452
pos_group,MID,271,0.7994717388318389,0.6654834136373601,0.16759607461579318
eval_split,calibration,526,0.7690099984043931,0.678106019091427,0.11820909936357313
eval_split,tune,399,0.8568910530467492,0.7645999508062925,0.10770459314787777
