intercept,slope,lo,hi,n
-0.012186711698176922,9.250480526882408,3.856536352452771,14.245081478508268,2164
