intercept,slope_ppg,r2,points_per_npxgd_season
1.3730564124495113,0.7206406319851367,0.7970582623883182,0.7206406319851367
