{
  "weights": {
    "prog_pass": 0.006675192901926534,
    "pass_f3": 0.009222632435635727,
    "pass_box": 0.052788362046192965,
    "prog_carry": 0.006447440223133278,
    "carry_f3": 0.002871913373428172,
    "carry_box": 0.009039729347836062,
    "all_pass": 0.00273886003534283
  },
  "grid": [
    [
      0.0025928301253022846,
      0.0035494343092163532,
      0.004639498723144477,
      0.005885191773119287,
      0.0071582369206232305,
      0.008786759257921727,
      0.01101680835189499,
      0.013844958670785385,
      0.017266317320747897,
      0.019921140275098954,
      0.021546098077001738,
      0.027670166400732717
    ],
    [
      0.0032043585325182227,
      0.004425018242672254,
      0.005684408744828534,
      0.006801553322360207,
      0.008185338623390121,
      0.00968156055695014,
      0.012076207115218182,
      0.015213392053028737,
      0.018792886441441996,
      0.022768450908179992,
      0.026225631339544874,
      0.026303112836382182
    ],
    [
      0.004016315611251393,
      0.004989022418336943,
      0.006145394337563297,
      0.00726391590006229,
      0.008516966512899841,
      0.010253623492676249,
      0.01269730473206542,
      0.015771711739080443,
      0.019904163912361893,
      0.0267525265754373,
      0.0404476860176694,
      0.039869156085604
    ],
    [
      0.004926369086978948,
      0.0054309978703259935,
      0.006216984560936062,
      0.007363519319885625,
      0.008563376123861386,
      0.010287377658831132,
      0.012747119326145697,
      0.01655052177301386,
      0.02137568980220699,
      0.03428740642009408,
      0.09020827124430045,
      0.17722467277298767
    ],
    [
      0.004970734010013396,
      0.005303964941114498,
      0.006363193219054338,
      0.007351977844439159,
      0.00848576963357308,
      0.01023311102782972,
      0.011956700483377129,
      0.016284865351876336,
      0.021312924664315995,
      0.03508454890578347,
      0.11684824995421436,
      0.17051604033704396
    ],
    [
      0.0040040139372648055,
      0.005088184678808803,
      0.006090566602485958,
      0.00715085432356851,
      0.00832525513446259,
      0.00998966708880614,
      0.012294600497252095,
      0.015408848909697412,
      0.020642906054614316,
      0.02756698130891586,
      0.04285733387606997,
      0.04121562191983683
    ],
    [
      0.0031892330042358925,
      0.004208282075420964,
      0.005656523276551126,
      0.006663676233569315,
      0.008033103771815757,
      0.009519723371414027,
      0.01162753504980485,
      0.014614317576003491,
      0.018349162109734207,
      0.022933659246095174,
      0.026453342905274266,
      0.025092034383918868
    ],
    [
      0.002663836609686313,
      0.0036173007015282248,
      0.0046677961712113065,
      0.005729822018230144,
      0.006990007521612381,
      0.008562398535039725,
      0.01061504168200295,
      0.013355839045772519,
      0.01662638711469597,
      0.020393293656269483,
      0.02280659128357191,
      0.03200796657535021
    ]
  ],
  "meta": {
    "nx": 12,
    "ny": 8,
    "prog_dx": 10.0,
    "seasons": [
      [
        2,
        27
      ]
    ],
    "n_moves": 645568,
    "n_shots": 9908,
    "note": "xT fit on StatsBomb EPL 2015/16; weights = mean xT added per action."
  }
}